{"0": {
    "doc": "Enterprise Service Bus",
    "title": "The Enterprise Service Bus pattern",
    "content": "An Enterprise Service Bus (ESB) is a software architecture that facilitates communication and integration between different applications and services within an organization. It acts as a central hub, enabling seamless data exchange, message routing, and service orchestration. The benefits of an ESB include improved interoperability, scalability, and flexibility. It simplifies integration complexities, reduces point-to-point connections, and promotes reusability of services. With an ESB, organizations can enhance agility, streamline operations, and achieve a unified and efficient IT infrastructure. Additionally, an ESB facilitates real-time data synchronization, enables seamless collaboration, and supports the implementation of service-oriented architectures (SOA). ",
    "url": "/platform/esb.html#the-enterprise-service-bus-pattern",
    
    "relUrl": "/platform/esb.html#the-enterprise-service-bus-pattern"
  },"1": {
    "doc": "Enterprise Service Bus",
    "title": "Queues",
    "content": "graph LR; Order &lt;--&gt; GW[owlstreet]; Product &lt;--&gt; GW; Price &lt;--&gt; GW; Inventory &lt;--&gt; GW; GW &lt;--&gt; Shipment; GW &lt;--&gt; Customer; GW &lt;--&gt; GL[G/L Document]; OwlStreet leverages a queue-based architecture to facilitate the smooth delivery of data between systems. When a source system sends data, it is placed in a queue where it awaits processing and onward transmission. This queue serves as the integration endpoint, ensuring orderly and reliable data transfer. Within the queue, OwlStreet performs essential functions like data routing, filtering, and transformation. These capabilities enable the system to determine the appropriate destination for each piece of data, apply relevant filters to ensure data integrity and security, and transform the data into the required format for the target system. By using queues, OwlStreet ensures that data is processed and delivered to the target systems in the order it was sent from the source system. This sequencing ensures data consistency and maintains the integrity of business processes relying on accurate and timely information. Furthermore, the queue-based architecture of OwlStreet enables efficient data retrieval by systems that subscribe to specific types of information. Systems subscribing to particular data can access the target queue and retrieve the relevant data in a controlled and orderly manner. This approach ensures that subscribed systems receive the necessary information they require for their operations, promoting seamless collaboration and data synchronization across the organization. Overall, OwlStreet’s utilization of queues as integration endpoints allows for orderly data delivery, filtering, transformation, and retrieval. This approach ensures data integrity, maintains the order of data transmission, and enables efficient access to subscribed information by the target systems, contributing to streamlined data integration and improved system interoperability. ",
    "url": "/platform/esb.html#queues",
    
    "relUrl": "/platform/esb.html#queues"
  },"2": {
    "doc": "Enterprise Service Bus",
    "title": "Routing",
    "content": "graph LR; ECOMORDER[e-commerce order]--&gt;GW[Owlstreet orders queue]; GW--&gt;ERPSE[ERP Sweden]; GW--&gt;CRM; OwlStreet’s routing capabilities play a pivotal role in enabling efficient message distribution and synchronization among various systems and endpoints. With OwlStreet, routing is designed to accommodate complex scenarios, allowing integrations to publish messages to potential subscribers, ensuring seamless data flow and synchronization across systems. For instance, when a sales order is generated from a web store, OwlStreet’s routing mechanism enables the order to be sent to multiple subscribers simultaneously, such as the ERP system and the CRM system. This ensures that the order is registered in the ERP system for further processing and that an order confirmation is sent to the CRM system to facilitate customer relationship management. Moreover, OwlStreet’s routing functionality enables messages from a single e-commerce store to be intelligently directed to different companies within an ERP system. This capability is particularly useful in scenarios where the e-commerce store caters to multiple brands or operates separate B2C and B2B stores. By leveraging routing, OwlStreet can deliver messages to the relevant companies or business units within the ERP system, ensuring accurate data segmentation and targeted processing. Additionally, routing ensures that messages about order status are correctly routed back to the system where the order was initially created. This is essential in cases where multiple brand stores or separate B2C and B2B stores are involved. OwlStreet intelligently routes order status messages, allowing them to be accurately delivered back to the respective system, maintaining data integrity and ensuring that the right information reaches the right destination. By leveraging OwlStreet’s routing capabilities, businesses can achieve seamless integration and data synchronization across their entire ecosystem. Routing enables messages to be efficiently distributed to potential subscribers, ensuring accurate data processing and synchronization between systems. Whether it involves multiple subscribers for sales orders, routing to different companies within an ERP system, or correct message delivery based on order origin, OwlStreet’s routing functionality ensures precise and reliable data flow for optimized business operations. ",
    "url": "/platform/esb.html#routing",
    
    "relUrl": "/platform/esb.html#routing"
  },"3": {
    "doc": "Enterprise Service Bus",
    "title": "Filtering",
    "content": "graph LR; ECOMORDER[e-commerce order]--&gt;GW[Owlstreet orders queue]; GW--&gt;ERPSEFILTER{Country == SE}; ERPSEFILTER--&gt;ERPSE[ERP Sweden]; GW--&gt;ERPUSFILTER{Country is CA or US}; ERPUSFILTER--&gt;ERPUS[ERP Inc]; GW--&gt;CRM; Filtering enhances the routing capabilities of OwlStreet by allowing for more targeted and precise message routing. With filtering, only messages that meet specific criteria are routed to their designated destinations, providing greater flexibility and control over data flow. For example, filtering enables the selection of messages based on specific conditions, such as orders in a particular status or orders intended for a specific country. This means that only orders that satisfy the defined criteria will be routed to the target queue or system. By utilizing filtering, businesses can streamline their data processing workflows and ensure that relevant information reaches the appropriate destinations. By leveraging filtering, OwlStreet enables the utilization of the same message types for similar purposes. For instance, message types like sales orders, invoices, credit memos, and purchase orders can be routed and processed using the same message structure. Filtering allows for the customization of routing rules based on the specific attributes or criteria associated with each message type. This ensures that the right messages are directed to the appropriate queues or systems, even if they belong to the same general message type. This capability simplifies the integration process and reduces the need for creating separate message types for similar purposes. It promotes reusability and standardization of message structures, making it easier to manage and maintain integrations across the organization. Overall, filtering enhances the routing capabilities of OwlStreet by enabling selective message routing based on specific criteria. By leveraging filtering, businesses can ensure that only relevant messages are sent to the target queues or systems, based on conditions such as order status or country. This flexible filtering mechanism allows for the utilization of the same message types for similar purposes, providing efficiency, consistency, and streamlined data processing. ",
    "url": "/platform/esb.html#filtering",
    
    "relUrl": "/platform/esb.html#filtering"
  },"4": {
    "doc": "Enterprise Service Bus",
    "title": "Transformations",
    "content": "graph LR; Order[Order for warehouse BODEN] --&gt; GW[owlstreet]; GW --&gt; TRW(Warehouse CodeBODEN); TRW --&gt; LOOKUP[Lookup tableBODEN=1GÖTEBORG=2MORGONGÅVA=3]; LOOKUP --&gt; ERP[ERPWarehouse 1]; Transformations play a crucial role in OwlStreet by enabling the conversion and manipulation of values to ensure compatibility and seamless communication between systems. With transformations, OwlStreet provides a neutral value in the middle to which all systems can transform their respective values, promoting standardized connectors without the need for custom code. One key aspect of transformations is the ability to convert values between different systems using lookup tables. This is particularly useful for fields such as delivery methods, categories, warehouses, price list identifiers, and other similar attributes. By utilizing lookup tables, OwlStreet can map and transform values from one system to another, ensuring that the data is accurately interpreted and understood by the receiving system. This allows for seamless integration and communication between systems with varying data representations. Additionally, transformations can involve adding constant values, modifying values using regular expressions, or even running custom JavaScript code to perform calculations. This flexibility enables businesses to manipulate data according to their specific requirements. For example, a transformation may involve adding a constant value to a field, extracting or modifying specific information using regular expressions, or performing calculations based on custom JavaScript code. These transformations allow for data enrichment, standardization, and customization, ensuring that the data meets the specific needs of each system. The ability to perform transformations without custom code is highly valuable as it simplifies integration processes and reduces dependencies on technical resources. With OwlStreet’s transformation capabilities, standardized connectors can be established between systems without the need for extensive programming or customization. This promotes agility, scalability, and efficiency in integrating different systems and allows for seamless data exchange without complex development efforts. In summary, transformations within OwlStreet enable the conversion, manipulation, and enrichment of values to facilitate seamless communication between systems. By providing a neutral value in the middle, transformations ensure standardized connectors without the requirement for custom code. Lookup tables, constant value additions, regular expression modifications, and custom JavaScript code enable the transformation of values between systems, allowing for standardized integration and data processing across the organization. ",
    "url": "/platform/esb.html#transformations",
    
    "relUrl": "/platform/esb.html#transformations"
  },"5": {
    "doc": "Enterprise Service Bus",
    "title": "Enterprise Service Bus",
    "content": " ",
    "url": "/platform/esb.html",
    
    "relUrl": "/platform/esb.html"
  },"6": {
    "doc": "Home of owlstreet documentation",
    "title": "Home of owlstreet documentation",
    "content": " ",
    "url": "/",
    
    "relUrl": "/"
  },"7": {
    "doc": "Built in modules",
    "title": "Built in modules",
    "content": "OwlStreet is equipped with a comprehensive set of built-in modules, all managed through its central control panel. This role-based user interface offers a visual representation of integrations, allowing users to easily navigate and monitor their data workflows. Unlike traditional approaches, OwlStreet goes beyond hiding configuration files and transactions. It provides transparency by making these normally hidden aspects accessible for users to track and analyze. This empowers businesses to have full visibility and control over their integrations, simplifying management and troubleshooting processes while ensuring a seamless and efficient data integration experience. ",
    "url": "/modules/",
    
    "relUrl": "/modules/"
  },"8": {
    "doc": "Built in modules",
    "title": "Tenant list",
    "content": "OwlStreet’s tenant list feature provides a concise overview for logged-in users, displaying the tenants they have access to. Users can easily select the current tenant they wish to work with, and a default tenant is automatically chosen upon login. The tenant list ensures a clear separation between the staging and production environments, offering distinct environments for testing and live operations. This functionality streamlines user navigation, allowing for efficient management and utilization of different tenant environments within OwlStreet. ",
    "url": "/modules/#tenant-list",
    
    "relUrl": "/modules/#tenant-list"
  },"9": {
    "doc": "Built in modules",
    "title": "Manage configuration",
    "content": "OwlStreet’s tenant configuration feature offers a user-friendly, form-based setup for routing, filtering, transformations, and settings. Sensitive information is always encrypted, ensuring data security. Users can access and modify sensitive data only through decryption, ensuring privacy. This feature simplifies the configuration process, enhances security, and empowers users to efficiently manage and customize their data integration settings with confidence. ",
    "url": "/modules/#manage-configuration",
    
    "relUrl": "/modules/#manage-configuration"
  },"10": {
    "doc": "Built in modules",
    "title": "Integration dashboard",
    "content": "OwlStreet’s integration dashboard provides a comprehensive overview of message types, queue depths, job activity, and statistics for each integration within a tenant. Users can easily monitor and analyze integration performance. The dashboard allows selecting specific timeframes to investigate detailed statistics through interactive graphs, enabling users to gain insights and optimize integration processes for enhanced efficiency. ",
    "url": "/modules/#integration-dashboard",
    
    "relUrl": "/modules/#integration-dashboard"
  },"11": {
    "doc": "Built in modules",
    "title": "Query",
    "content": "OwlStreet’s query service enables users to search for product data and access the latest information related to product details, pricing, and inventory status. The service organizes and stores data from various source systems, grouping it per system and combining it into a consolidated and up-to-date record. This functionality empowers users to quickly retrieve accurate and comprehensive product information, streamlining decision-making, and ensuring reliable data for efficient operations. ",
    "url": "/modules/#query",
    
    "relUrl": "/modules/#query"
  },"12": {
    "doc": "Built in modules",
    "title": "Job status",
    "content": "The job status feature in OwlStreet provides real-time visibility into currently running jobs, their progress, and details of completed jobs. Users can monitor job duration, the number of processed entries, and view detailed logs indicating the specific objects processed. This feature also allows users to cancel ongoing jobs if necessary. Failed jobs are highlighted on the main dashboard, ensuring prompt attention and enabling efficient troubleshooting and resolution of integration issues. ",
    "url": "/modules/#job-status",
    
    "relUrl": "/modules/#job-status"
  },"13": {
    "doc": "Built in modules",
    "title": "Channel",
    "content": "The channel manager in OwlStreet enables the configuration of product availability, pricing, and inventory levels for specific channels. Users can define query filters to determine which products and variants are included for each channel or channel node in a tree structure. The channel manager leverages data from all source systems providing product information, allowing comprehensive filtering options. The results can be used for routing purposes and adding category information to target systems, ensuring accurate and targeted data distribution across channels. ",
    "url": "/modules/#channel",
    
    "relUrl": "/modules/#channel"
  },"14": {
    "doc": "Built in modules",
    "title": "Logistics",
    "content": "The logistics fulfillment station in OwlStreet consolidates orders from multiple sources for efficient fulfillment. Warehouse staff can utilize a picking list that includes multiple orders, aided by barcode scanners, images, and color/sound indications to ensure correct product handling. The station facilitates the order fulfillment process, allowing for the booking and printing of shipping delivery slips and address labels. This comprehensive solution streamlines logistics operations, minimizing errors, and enhancing the overall efficiency of order fulfillment workflows. ",
    "url": "/modules/#logistics",
    
    "relUrl": "/modules/#logistics"
  },"15": {
    "doc": "Built in modules",
    "title": "Stocktake",
    "content": "The stocktake function in OwlStreet enables barcode scanners, portable computers, mobile phones, and tablets to conduct inventory stocktakes efficiently. Users can perform stocktake with or without tracking inventory shelf locations. The module leverages images, barcodes, and additional data to ensure accurate counting by providing visual and barcode confirmation, minimizing errors during the stocktaking process. This functionality enhances inventory management, enabling businesses to maintain accurate stock levels and streamline their operations. ",
    "url": "/modules/#stocktake",
    
    "relUrl": "/modules/#stocktake"
  },"16": {
    "doc": "Built in modules",
    "title": "Queue manager",
    "content": "OwlStreet’s queue manager offers a comprehensive view of current messages awaiting processing on a queue. Users can inspect messages in their original format, view system origins, and timestamps of processing. Additionally, a configurable history view allows accessing messages from a specified number of past days. The search functionality further enables users to efficiently locate specific messages, providing a powerful tool for monitoring, troubleshooting, and analyzing data flows within the integration environment. ",
    "url": "/modules/#queue-manager",
    
    "relUrl": "/modules/#queue-manager"
  },"17": {
    "doc": "Built in modules",
    "title": "Metadata manager",
    "content": "The metadata manager in OwlStreet provides a standardized approach to data mapping between systems. It extracts product attributes, currencies, categories, shipping methods, and more, facilitating the creation of transformation tables using our AI-enhanced configuration builder. The metadata manager also simplifies the identification of data identities in source and target systems, offering a streamlined solution for efficient data management and transformation, even without extensive knowledge of specific system structures. ",
    "url": "/modules/#metadata-manager",
    
    "relUrl": "/modules/#metadata-manager"
  },"18": {
    "doc": "Built in modules",
    "title": "Transformation configuration",
    "content": "Our transformation configuration in OwlStreet offers zero-code configuration for seamless data transformation and mapping between source and target systems. It supports inheritance, allowing for efficient configuration reuse. While our platform supports JavaScript for advanced filters and transformations, there’s a 2-second CPU limit for script execution. Debugging is made easier through visualizing the transformation steps from source to target. This feature is available for all message types. Additionally, our auto-configure function suggests configuration based on metadata and real data, streamlining the setup process for enhanced efficiency. ",
    "url": "/modules/#transformation-configuration",
    
    "relUrl": "/modules/#transformation-configuration"
  },"19": {
    "doc": "Built in modules",
    "title": "Transformation tables",
    "content": "Our transformation tables in OwlStreet empower users to configure how values from source systems are transformed to their corresponding values in the target systems. Manual setup allows precise customization, while our wizard simplifies configuration based on metadata. Moreover, our AI-enhanced configuration suggests optimal transformations based on real data within the system. Importing and exporting tables to work with in spreadsheet software further enhances flexibility and ease of use. This comprehensive feature set enables efficient and accurate data transformation for seamless integration. ",
    "url": "/modules/#transformation-tables",
    
    "relUrl": "/modules/#transformation-tables"
  },"20": {
    "doc": "Built in modules",
    "title": "Resource manager",
    "content": "Our resource manager in OwlStreet provides temporary storage for image and document assets, enabling data transportation between source and target systems. Resources are assigned an expiration date, ensuring accessibility for systems requiring the data, even without direct access to the PIM system resources. Unique links are generated for each resource, ensuring privacy and expiration after a designated time. For sensitive data like ledger documents, a one-time-access policy is available, ensuring secure and controlled access to confidential information. This robust resource management ensures seamless data transfer and privacy protection. The resource manager feature in OwlStreet plays a crucial role in the fulfillment station, enabling the delivery of orders from various sales channels with specific documentation. For example, when fulfilling an order from Amazon, the resource manager facilitates attaching the Amazon delivery note. Simultaneously, for orders originating from the business’s own sales channel, the resource manager allows generating or emailing the order confirmation using the sales channel’s customized PDF template. This capability ensures accurate and tailored order documentation, enhancing the efficiency and professionalism of the fulfillment process. ",
    "url": "/modules/#resource-manager",
    
    "relUrl": "/modules/#resource-manager"
  },"21": {
    "doc": "Built in connectors",
    "title": "Built in connectors",
    "content": " ",
    "url": "/connectors/",
    
    "relUrl": "/connectors/"
  },"22": {
    "doc": "Built in connectors",
    "title": "PIM Systems",
    "content": "A PIM system (Product Information Management) is a centralized software solution that enables businesses to efficiently manage and organize product data. It provides a single source of truth for product information, allowing companies to streamline product data management, enhance data accuracy, and ensure consistent and enriched product information across various sales channels. | inriver | Akeneo | Pimcore | Plytix | . ",
    "url": "/connectors/#pim-systems",
    
    "relUrl": "/connectors/#pim-systems"
  },"23": {
    "doc": "Built in connectors",
    "title": "ERP Systems",
    "content": "An ERP system is a centralized software solution that integrates and manages core business processes, including inventory management, accounting, human resources, and customer relationship management. It provides a unified platform for efficient data management, collaboration, and decision-making, enabling organizations to streamline operations and optimize resource utilization. | Fortnox | Visma e-ekonomi | Microsoft Business Central | . ",
    "url": "/connectors/#erp-systems",
    
    "relUrl": "/connectors/#erp-systems"
  },"24": {
    "doc": "Built in connectors",
    "title": "E-commerce systems",
    "content": "An e-commerce system is a digital platform that enables businesses to sell products or services online. It includes features such as product catalogs, shopping carts, payment gateways, and order management. It provides a user-friendly interface for customers to browse, select, and purchase items, while allowing businesses to manage inventory, process orders, and facilitate secure transactions. E-commerce systems are essential for businesses to establish an online presence, reach a wider customer base, and facilitate seamless online transactions. | Norce Storm | Woocommerce Wordpress | Shopify | Kodmyran | Prestashop | Magento | . ",
    "url": "/connectors/#e-commerce-systems",
    
    "relUrl": "/connectors/#e-commerce-systems"
  },"25": {
    "doc": "Built in connectors",
    "title": "Marketplaces",
    "content": "A retailer marketplace, like Amazon, is an online platform where multiple sellers can showcase and sell their products to a vast customer base. It provides a centralized marketplace where retailers can list their products, manage inventory, and handle customer orders. Customers benefit from a wide range of products, competitive pricing, and convenient shopping experiences, while retailers gain access to a large customer base, infrastructure, and marketing support, fostering mutual growth and success. | Amazon | CDON | Etsy | Prisjakt | Pricerunner | Google Shopping | Facebook shopping feed | . ",
    "url": "/connectors/#marketplaces",
    
    "relUrl": "/connectors/#marketplaces"
  },"26": {
    "doc": "Built in connectors",
    "title": "POS Systems",
    "content": "A Point of Sale (POS) system is a software and hardware combination used to complete sales transactions. It enables businesses to process payments, manage inventory, track sales, generate reports, and provide a seamless checkout experience. A POS system streamlines operations, improves accuracy, and enhances customer service in retail and hospitality industries. | Sitoo | CashIT | . ",
    "url": "/connectors/#pos-systems",
    
    "relUrl": "/connectors/#pos-systems"
  },"27": {
    "doc": "Built in connectors",
    "title": "CRM Systems",
    "content": "A CRM system for retailers is a customer relationship management solution designed specifically for retail businesses. It helps retailers manage customer interactions, track sales, analyze customer data, and optimize marketing efforts. It enables personalized customer experiences, improves customer retention, and drives business growth through effective customer management and targeted marketing strategies. | Voyado | Klaviyo | Rule | . ",
    "url": "/connectors/#crm-systems",
    
    "relUrl": "/connectors/#crm-systems"
  },"28": {
    "doc": "Built in connectors",
    "title": "PSP Payment service providers",
    "content": "A payment service provider (PSP) is a checkout solution for retailers, like Klarna or Svea. It enables businesses to offer diverse payment options to customers, such as buy now pay later, installment plans, or traditional methods. PSPs handle payment processing, fraud prevention, and secure transactions, providing convenience and flexibility to customers while ensuring a seamless checkout experience for retailers. | Klarna | Svea | . ",
    "url": "/connectors/#psp-payment-service-providers",
    
    "relUrl": "/connectors/#psp-payment-service-providers"
  },"29": {
    "doc": "Built in connectors",
    "title": "TA System",
    "content": "OwlStreet integrates with popular freight checkout solutions like Klarna Shipping Assistant, Ingrid, and nShift Delivery Checkout, enabling seamless label printing and shipment booking. This integration streamlines the logistics process, ensuring efficient handling of prepared shipments, and simplifying the fulfillment workflow for businesses using these transportation systems. | nShift | . ",
    "url": "/connectors/#ta-system",
    
    "relUrl": "/connectors/#ta-system"
  },"30": {
    "doc": "Integration Platform iPaaS",
    "title": "owlstreet Integration Platform as a Service",
    "content": "graph LR; ECOM[e-commerce] &lt;--&gt; GW[owlstreet]; PIM[Product Information Management] &lt;--&gt; GW; ERP[ERP] &lt;--&gt; GW; GW &lt;--&gt; POS[Point of Sale]; GW &lt;--&gt; CRM[Customer Relationship Management]; ADMINUI[Central Control Panel] --&gt; GW ",
    "url": "/platform/#owlstreet-integration-platform-as-a-service",
    
    "relUrl": "/platform/#owlstreet-integration-platform-as-a-service"
  },"31": {
    "doc": "Integration Platform iPaaS",
    "title": "Summary",
    "content": "owlstreet is an Integration Platform as a Service (iPaaS) that offers a seamless and user-friendly experience for businesses seeking to connect their diverse applications and systems. With owlstreet, organizations can effortlessly streamline their operations and enhance productivity by leveraging its extensive library of pre-made integrations. As an iPaaS, owlstreet serves as a centralized hub, enabling businesses to integrate various software applications, databases, and systems across multiple platforms. It eliminates the need for complex coding and manual data transfers, providing a simple and intuitive graphical interface for creating and managing integrations. owlstreet stands out from other iPaaS solutions by offering a hassle-free onboarding process. Its user-friendly design ensures that even non-technical users can easily navigate and configure integrations without requiring extensive IT expertise. By leveraging owlstreet’s pre-made integrations, businesses can rapidly connect popular applications and systems, saving valuable time and resources. With owlstreet’s robust and reliable infrastructure, organizations can automate data flows, synchronize information, and facilitate real-time communication between disparate platforms. This seamless integration allows businesses to optimize processes, improve data accuracy, and accelerate decision-making across departments. In summary, owlstreet is an iPaaS that enables businesses to effortlessly connect their applications and systems. It simplifies integration complexities through a user-friendly interface and comes bundled with a range of pre-made integrations, empowering organizations to enhance productivity, streamline operations, and achieve seamless data exchange across platforms. ",
    "url": "/platform/#summary",
    
    "relUrl": "/platform/#summary"
  },"32": {
    "doc": "Integration Platform iPaaS",
    "title": "Retail and commerce",
    "content": "OwlStreet excels at catering to sales channels, enabling businesses to efficiently process orders from various sources such as e-commerce platforms, point-of-sale systems, or custom integrations. With OwlStreet, organizations can seamlessly integrate their sales channels and synchronize critical information, including product details, prices, inventory levels, and order statuses, back to the respective sales channels or CRM system. By leveraging OwlStreet’s robust capabilities, businesses can effortlessly manage their sales channels and ensure consistent and accurate data exchange. When it comes to e-commerce platforms, OwlStreet facilitates seamless integration, allowing orders placed on the website to be automatically synced with the business’s order management system. This ensures prompt and accurate order fulfillment, minimizing the risk of errors and delays. For physical stores utilizing point-of-sale systems, OwlStreet provides a seamless connection, enabling real-time inventory updates and order processing. This integration ensures that inventory balances are accurately reflected across all sales channels, preventing overselling or stockouts. It also enables a unified view of customer data, allowing businesses to deliver personalized experiences and streamline customer interactions. Moreover, OwlStreet supports custom integrations, allowing businesses to connect with specialized sales channels or proprietary systems. This flexibility enables organizations to adapt to unique sales workflows and leverage specific tools or platforms tailored to their industry or niche. By integrating sales channels with OwlStreet, businesses gain valuable insights into their operations. They can access comprehensive data on sales performance, order history, customer behavior, and inventory levels. These insights empower organizations to make informed decisions, optimize sales strategies, and enhance customer satisfaction. In summary, OwlStreet focuses on streamlining sales channels by seamlessly integrating e-commerce platforms, point-of-sale systems, and custom integrations. It facilitates the flow of critical information such as product details, prices, inventory balances, and order statuses between these channels and the CRM system. By leveraging OwlStreet’s capabilities, businesses can improve order processing, maintain accurate inventory data, and gain valuable insights into their sales operations. ",
    "url": "/platform/#retail-and-commerce",
    
    "relUrl": "/platform/#retail-and-commerce"
  },"33": {
    "doc": "Integration Platform iPaaS",
    "title": "ERP and PIM connectivity",
    "content": "To ensure seamless availability of accurate data, OwlStreet adopts a structured data approach that aligns with most ERP systems commonly used in businesses. This structure allows for smooth integration and synchronization of data between OwlStreet and ERP systems, ensuring consistency and reliability across the board. Notable ERP systems that work particularly well within this solution include Microsoft Business Central, Fortnox, and Visma e-ekonomi. In addition to ERP systems, OwlStreet also offers integration capabilities with Product Information Management (PIM) systems. PIM systems play a crucial role in managing unstructured data, such as product descriptions, attributes, and marketing content. By integrating PIM systems like inriver, Akeneo, PIMCore, and Plytix, businesses can centralize and govern their product information effectively. The integration between OwlStreet and PIM systems enables the structured and unstructured data to be harmonized, creating a comprehensive and enriched product database. This integration ensures that accurate and up-to-date product information, including descriptions, attributes, and digital assets, are readily available across all sales channels and systems. A notable feature of OwlStreet is its efficient management of digital assets, such as product images. Images play a vital role in showcasing products to customers, and OwlStreet ensures that they are readily accessible wherever they are needed. By storing and organizing images within OwlStreet, businesses can effortlessly associate them with the corresponding products and distribute them to various sales channels seamlessly. The flexibility of OwlStreet’s data model allows for easy communication between connected systems within the same tenant. Once one system is connected, it becomes straightforward to establish communication and data exchange with other integrated systems. This flexibility simplifies the integration process, reduces implementation time, and ensures a cohesive data flow across the organization’s entire ecosystem. In summary, OwlStreet’s structured data approach facilitates seamless integration with popular ERP systems like Microsoft Business Central, Fortnox, and Visma e-ekonomi. It also offers pre-integrated connections with leading PIM systems such as inriver, Akeneo, PIMCore, and Plytix, enabling effective management of structured and unstructured product information. OwlStreet ensures that images are easily accessible wherever they are needed, and its flexible data model enables smooth communication between connected systems within the same tenant, simplifying the integration process and ensuring consistent data flow. ",
    "url": "/platform/#erp-and-pim-connectivity",
    
    "relUrl": "/platform/#erp-and-pim-connectivity"
  },"34": {
    "doc": "Integration Platform iPaaS",
    "title": "Integration Platform iPaaS",
    "content": " ",
    "url": "/platform/",
    
    "relUrl": "/platform/"
  },"35": {
    "doc": "Data Model",
    "title": "Data Model",
    "content": "TEstsidan . ",
    "url": "/model/",
    
    "relUrl": "/model/"
  },"36": {
    "doc": "Multi Tenant",
    "title": "Multi tenant",
    "content": "OwlStreet adopts a multi-tenant structure, wherein each customer is treated as a separate tenant. This structure ensures that each customer’s data and configurations are securely isolated and managed independently. Within this multi-tenant environment, OwlStreet provides dedicated staging and production environments for each tenant. The staging environment serves as a testing ground where customers can verify and validate their configurations before deploying them to the production environment. This allows customers to ensure that their integrations and workflows are functioning as intended without impacting live operations. The staging environment provides a safe and controlled space for configuration testing and fine-tuning. Once the configurations in the staging environment have been thoroughly tested and validated, customers can confidently deploy them to the production environment. The production environment is the live environment where actual data flows and integrations take place. OwlStreet ensures that the production environment remains stable, reliable, and optimized for seamless data exchange and system integration. Within each tenant, there can be multiple integrations established. These integrations represent the connections between various systems, applications, and endpoints. Messages, representing data or events, can be routed among these integrations within the same message type. This means that messages of a specific type can be efficiently transmitted and processed among the interconnected integrations, allowing for streamlined communication and data flow within the tenant’s ecosystem. By providing dedicated staging and production environments, along with the ability to route messages among integrations within the same message type, OwlStreet ensures a robust and flexible framework for managing customer configurations, testing, deployment, and smooth data exchange. This multi-tenant structure enables customers to have control over their specific configurations while maintaining scalability, security, and reliability within their own isolated environments. ",
    "url": "/platform/multitenant.html#multi-tenant",
    
    "relUrl": "/platform/multitenant.html#multi-tenant"
  },"37": {
    "doc": "Multi Tenant",
    "title": "Security based on Auth0",
    "content": "OwlStreet prioritizes the security of its platform and leverages Auth0, a leading authentication and authorization platform, to ensure robust security measures. Auth0 provides a comprehensive set of features and capabilities that enhance the login and authentication process, offering a secure environment for users. With Auth0, OwlStreet offers multiple authentication options to its users. Users can log in using traditional username and password credentials, which are securely stored and encrypted. Additionally, OwlStreet supports multi-factor authentication (MFA), adding an extra layer of security to the login process. MFA typically requires users to provide additional verification, such as a temporary code sent to their mobile device, to validate their identity. Furthermore, OwlStreet’s integration with Auth0 extends beyond traditional login methods. Users can also leverage integrations with platforms such as GitHub, enabling them to authenticate and access the OwlStreet platform using their existing credentials from those platforms. This integration simplifies the login process for users and ensures a seamless user experience while maintaining security. Auth0 provides industry-leading security standards and compliance certifications to safeguard user data. It employs advanced security protocols and encryption algorithms to protect sensitive information and prevent unauthorized access. Additionally, Auth0 offers features like identity management, access control, and audit logging, further enhancing the security posture of OwlStreet. By leveraging Auth0 as the authentication and authorization platform, OwlStreet ensures that user logins and access to the platform are protected by industry-standard security measures. This partnership allows OwlStreet to focus on providing a secure and reliable integration experience, while users can enjoy the convenience and peace of mind knowing that their data is protected by a trusted and robust security solution. In summary, OwlStreet’s security framework is fortified by integrating Auth0 as the authentication and authorization platform. Auth0’s industry-leading features and security measures, including various login methods, MFA, and integration with platforms like GitHub, ensure a secure login experience for users. OwlStreet and Auth0 work together to prioritize data protection and user security, allowing users to confidently access and utilize the integration platform. ",
    "url": "/platform/multitenant.html#security-based-on-auth0",
    
    "relUrl": "/platform/multitenant.html#security-based-on-auth0"
  },"38": {
    "doc": "Multi Tenant",
    "title": "Partner friendly",
    "content": "OwlStreet offers a partner-friendly solution that allows customers to invite their partners to access their integrated solution. This partnership functionality enables seamless collaboration and information sharing between customers and their trusted partners. Within OwlStreet’s control panel, customers have the capability to grant access to specific integrations or provide their partners with access to the entire solution. This access control ensures that partners can view and interact with the integrations and data that are relevant to their role and responsibilities. By extending an invitation, partners can access the integrated solution using a single login. This streamlines the authentication process and eliminates the need for multiple credentials. Once logged in, partners can conveniently navigate the control panel and access the shared data and integrations, gaining insights and contributing to the collaboration seamlessly. The partner-friendly solution ensures that partners have a unified view of the data within the shared environment. This unified access enables efficient communication, data analysis, and decision-making between customers and their partners. It promotes transparency, enhances productivity, and fosters effective teamwork in managing the integrated solution. OwlStreet’s partner-friendly approach empowers customers to collaborate closely with their partners while maintaining control over data security and access rights. It enables customers to harness the expertise and resources of their partners, leading to more effective integration management and business outcomes. In summary, OwlStreet’s partner-friendly solution allows customers to invite partners to access their integrated solution through the control panel. Partners can view and interact with specific integrations or the entire solution using a single login. This unified access promotes collaboration, transparency, and productivity between customers and their partners, enabling them to work together seamlessly in managing the integrated solution. ",
    "url": "/platform/multitenant.html#partner-friendly",
    
    "relUrl": "/platform/multitenant.html#partner-friendly"
  },"39": {
    "doc": "Multi Tenant",
    "title": "Multi Tenant",
    "content": " ",
    "url": "/platform/multitenant.html",
    
    "relUrl": "/platform/multitenant.html"
  },"40": {
    "doc": "Product data model",
    "title": "Product data model",
    "content": "asdfasdfsadf asldfkjasdf . ",
    "url": "/model/product.html",
    
    "relUrl": "/model/product.html"
  }
}
